"Device","Function Group","Function Name","Zone","ID1 Code","ID2 Code","Comment","Export Comment â€“ starting this with # will comment out the code as well"
"RECEIVER","ZONE_CONTROL","PARTY_OFF","-","7E-3649","7E-3648","767 867 1067 2067 3067",
"RECEIVER","ZONE_CONTROL","PARTY_ON","-","7E-354A","7E-354B","767 867 1067 2067 3067",
"RECEIVER","MEMORY","SCENE5","MAIN","7A-90EF","7A-90EE","1067 2067 3067",
"RECEIVER","MEMORY","SCENE6","MAIN","7A-91EE","7A-91EF","1067 2067 3067",
"RECEIVER","MEMORY","SCENE7","MAIN","7A-92ED","7A-92EC","1067 2067 3067",
"RECEIVER","MEMORY","SCENE8","MAIN","7A-93EC","7A-93ED","1067 2067 3067",
"RECEIVER","MEMORY","SCENE9","MAIN","7A-94EB","7A-94EA","1067 2067 3067",
"RECEIVER","MEMORY","SCENE10","MAIN","7A-95EA","7A-95EB","1067 2067 3067",
"RECEIVER","MEMORY","SCENE11","MAIN","7A-96E9","7A-96E8","1067 2067 3067",
"RECEIVER","MEMORY","SCENE12","MAIN","7A-97E8","7A-97E9","1067 2067 3067",
"RECEIVER","MEMORY","VIDEO_PRESET1","MAIN","7E-A4DB","7E-A4DA","2067 3067",
"RECEIVER","MEMORY","VIDEO_PRESET2","MAIN","7E-A5DA","7E-A5DB","2067 3067",
"RECEIVER","MEMORY","VIDEO_PRESET3","MAIN","7E-A6D9","7E-A6D8","2067 3067",
"RECEIVER","MEMORY","VIDEO_PRESET4","MAIN","7E-A7D8","7E-A7D9","2067 3067",
"RECEIVER","MEMORY","VIDEO_PRESET5","MAIN","7E-A8D7","7E-A8D6","2067 3067",
"RECEIVER","MEMORY","VIDEO_PRESET6","MAIN","7E-A9D6","7E-A9D7","2067 3067",
"RECEIVER","MEMORY","VOLUME_MEMORY1","MAIN","7E-6B","7E-6B95","767 867 1067 2067 3067",
"RECEIVER","MEMORY","VOLUME_MEMORY1","ZONE2","7E-87","7E-8779","767 867 1067 2067 3067",
"RECEIVER","MEMORY","VOLUME_MEMORY1","ZONE3","7E-20","7E-20DE","2067 3067",
"RECEIVER","MEMORY","VOLUME_MEMORY2","MAIN","7E-6C","7E-6C92","767 867 1067 2067 3067",
"RECEIVER","MEMORY","VOLUME_MEMORY2","ZONE2","7E-88","7E-8876","767 867 1067 2067 3067",
"RECEIVER","MEMORY","VOLUME_MEMORY2","ZONE3","7E-21","7E-21DF","2067 3067",
"RECEIVER","MEMORY","VOLUME_MEMORY3","MAIN","7E-6D","7E-6D93","767 867 1067 2067 3067",
"RECEIVER","MEMORY","VOLUME_MEMORY3","ZONE2","7E-89","7E-8977","767 867 1067 2067 3067",
"RECEIVER","MEMORY","VOLUME_MEMORY3","ZONE3","7E-22","7E-22DC","2067 3067",
"RECEIVER","MEMORY","VOLUME_MEMORY4","MAIN","7E-6E","7E-6E90","767 867 1067 2067 3067",
"RECEIVER","MEMORY","VOLUME_MEMORY4","ZONE2","7E-8A","7E-8A74","767 867 1067 2067 3067",
"RECEIVER","MEMORY","VOLUME_MEMORY4","ZONE3","7E-23","7E-23DD","2067 3067",
"RECEIVER","MEMORY","VOLUME_MEMORY5","MAIN","7E-6F","7E-6F91","767 867 1067 2067 3067",
"RECEIVER","MEMORY","VOLUME_MEMORY5","ZONE2","7E-8B","7E-8B75","767 867 1067 2067 3067",
"RECEIVER","MEMORY","VOLUME_MEMORY5","ZONE3","7E-24","7E-24DA","2067 3067",
"RECEIVER","MEMORY","VOLUME_MEMORY6","MAIN","7E-70","7E-708E","767 867 1067 2067 3067",
"RECEIVER","MEMORY","VOLUME_MEMORY6","ZONE2","7E-8C","7E-8C72","767 867 1067 2067 3067",
"RECEIVER","MEMORY","VOLUME_MEMORY6","ZONE3","7E-25","7E-25DB","2067 3067",
"RECEIVER","MEMORY","VOLUME_RECALL1","MAIN","7E-75","7E-758B","767 867 1067 2067 3067",
"RECEIVER","MEMORY","VOLUME_RECALL1","ZONE2","7E-8D","7E-8D73","767 867 1067 2067 3067",
"RECEIVER","MEMORY","VOLUME_RECALL1","ZONE3","7E-60","7E-609E","2067 3067",
"RECEIVER","MEMORY","VOLUME_RECALL2","MAIN","7E-76","7E-7688","767 867 1067 2067 3067",
"RECEIVER","MEMORY","VOLUME_RECALL2","ZONE2","7E-8E","7E-8E70","767 867 1067 2067 3067",
"RECEIVER","MEMORY","VOLUME_RECALL2","ZONE3","7E-61","7E-619F","2067 3067",
"RECEIVER","MEMORY","VOLUME_RECALL3","MAIN","7E-77","7E-7789","767 867 1067 2067 3067",
"RECEIVER","MEMORY","VOLUME_RECALL3","ZONE2","7E-8F","7E-8F71","767 867 1067 2067 3067",
"RECEIVER","MEMORY","VOLUME_RECALL3","ZONE3","7E-62","7E-629C","2067 3067",
"RECEIVER","MEMORY","VOLUME_RECALL4","MAIN","7E-78","7E-7886","767 867 1067 2067 3067",
"RECEIVER","MEMORY","VOLUME_RECALL4","ZONE2","7E-90","7E-906E","767 867 1067 2067 3067",
"RECEIVER","MEMORY","VOLUME_RECALL4","ZONE3","7E-63","7E-639D","2067 3067",
"RECEIVER","MEMORY","VOLUME_RECALL5","MAIN","7E-79","7E-7987","767 867 1067 2067 3067",
"RECEIVER","MEMORY","VOLUME_RECALL5","ZONE2","7E-91","7E-916F","767 867 1067 2067 3067",
"RECEIVER","MEMORY","VOLUME_RECALL5","ZONE3","7E-64","7E-649A","2067 3067",
"RECEIVER","MEMORY","VOLUME_RECALL6","MAIN","7E-7A","7E-7A84","767 867 1067 2067 3067",
"RECEIVER","MEMORY","VOLUME_RECALL6","ZONE2","7E-92","7E-926C","767 867 1067 2067 3067",
"RECEIVER","MEMORY","VOLUME_RECALL6","ZONE3","7E-65","7E-659B","2067 3067",
"RECEIVER","PROGRAM","ENHANCER_AUTO","-","7E-D8","7E-D826",,
"RECEIVER","PROGRAM","2CH_STEREO","-","7E-C0","7E-C03E",,
"RECEIVER","PROGRAM","ADVENTURE","-","7E-FB","7E-FB05",,
"RECEIVER","PROGRAM","BALANCE_LEFT","ZONE2","7E-D4","7E-D42A","1067 2067 3067",
"RECEIVER","PROGRAM","BALANCE_LEFT","ZONE3","7E-D6","7E-D628","2067 3067",
"RECEIVER","PROGRAM","BALANCE_RIGHT","ZONE2","7E-D5","7E-D52B","1067 2067 3067",
"RECEIVER","PROGRAM","BALANCE_RIGHT","ZONE3","7E-D7","7E-D729","2067 3067",
"RECEIVER","PROGRAM","BASS-","ZONE2","7A-74","7A-748A","1067 2067 3067",
"RECEIVER","PROGRAM","BASS-","ZONE3","7A-78","7A-7886","2067 3067",
"RECEIVER","PROGRAM","BASS+","ZONE2","7A-73","7A-738D","1067 2067 3067",
"RECEIVER","PROGRAM","BASS+","ZONE3","7A-77","7A-7789","2067 3067",
"RECEIVER","PROGRAM","CELLAR_CLUB","-","7E-CD","7E-CD33",,
"RECEIVER","PROGRAM","CHAMBER","-","7E-AF","7E-AF51",,
"RECEIVER","PROGRAM","CHURCH_IN_FREIBURG","-","7E-E8","7E-E816","2067 3067",
"RECEIVER","PROGRAM","CHURCH_IN_ROYAUMONT","-","7E-E9","7E-E917","2067 3067",
"RECEIVER","PROGRAM","RECITAL_OPERA","-","7E-F5","7E-F50B","2067 3067",
"RECEIVER","PROGRAM","EFFECT_ON","-","7E-27","7E-27D9",,
"RECEIVER","PROGRAM","MOVIE_STANDARD","-","7E-FE","7E-FE00",,
"RECEIVER","PROGRAM","ENHANCER_OFF","-","7E-D9","7E-D927",,
"RECEIVER","PROGRAM","ACTION_GAME","-","7E-F2","7E-F20C",,
"RECEIVER","PROGRAM","DRAMA","-","7E-FC","7E-FC02",,
"RECEIVER","PROGRAM","HALL_IN_MUNICH","-","7E-E1","7E-E11F",,
"RECEIVER","PROGRAM","HALL_IN_VIENNA","-","7E-E5","7E-E51B",,
"RECEIVER","PROGRAM","HALL_IN_AMSTERDAM","-","7E-E6","7E-E618","2067 3067",
"RECEIVER","PROGRAM","VILLAGE_VANGUARD","-","7E-EB","7E-EB15","2067 3067",
"RECEIVER","PROGRAM","THE_BOTTOM_LINE","-","7E-EC","7E-EC12",,
"RECEIVER","PROGRAM","MONO_MOVIE","-","7E-F7","7E-F709",,
"RECEIVER","PROGRAM","MUSIC_VIDEO","-","7E-F3","7E-F30D",,
"RECEIVER","PROGRAM","PURE_DIRECT_OFF","-","7E-82","7E-827C",,
"RECEIVER","PROGRAM","PURE_DIRECT_ON","-","7E-80","7E-807E",,
"RECEIVER","PROGRAM","THE_ROXY_THEATRE","-","7E-ED","7E-ED13",,
"RECEIVER","PROGRAM","WAREHOUSE_LOFT","-","7E-EE","7E-EE10","2067 3067",
"RECEIVER","PROGRAM","ROLEPLAYING_GAME","-","7E-CE","7E-CE30",,
"RECEIVER","PROGRAM","SCI_FI","-","7E-FA","7E-FA04",,
"RECEIVER","PROGRAM","SPECTACLE","-","7E-F9","7E-F907",,
"RECEIVER","PROGRAM","SPORTS","-","7E-F8","7E-F806",,
"RECEIVER","PROGRAM","SURROUND_DECODE_ON","-","7E-FD","7E-FD03",,
"RECEIVER","PROGRAM","STRAIGHT","-","7E-E0","7E-E01E",,
"RECEIVER","PROGRAM","TREBLE-","ZONE2","7A-76","7A-7688","1067 2067 3067",
"RECEIVER","PROGRAM","TREBLE-","ZONE3","7A-7A","7A-7A84","2067 3067",
"RECEIVER","PROGRAM","TREBLE+","ZONE2","7A-75","7A-758B","1067 2067 3067",
"RECEIVER","PROGRAM","TREBLE+","ZONE3","7A-79","7A-7987","2067 3067",
"RECEIVER","PROGRAM","7CH_STEREO","-","7E-FF","7E-FF01",,
"RECEIVER","VOLUME","MUTE_OFF","MAIN","7E-A3","7E-A35D",,
"RECEIVER","VOLUME","MUTE_OFF","ZONE2","7E-A1","7E-A15F",,
"RECEIVER","VOLUME","MUTE_OFF","ZONE3","7E-66","7E-6698","2067 3067",
"RECEIVER","VOLUME","MUTE_ON_-20DB","MAIN","7E-DF","7E-DF21",,
"RECEIVER","VOLUME","MUTE_ON_-20DB","ZONE2","7E-2956","7E-2957",,
"RECEIVER","VOLUME","MUTE_ON_-20DB","ZONE3","7E-2A55","7E-2A54","2067 3067",
"RECEIVER","VOLUME","MUTE_ON_-40DB","MAIN","7E-631C","7E-631D",,
"RECEIVER","VOLUME","MUTE_ON_-40DB","ZONE2","7E-641B","7E-641A",,
"RECEIVER","VOLUME","MUTE_ON_-40DB","ZONE3","7E-651A","7E-651B","2067 3067",
"RECEIVER","VOLUME","MUTE_ON","MAIN","7E-A2","7E-A25C",,
"RECEIVER","VOLUME","MUTE_ON","ZONE2","7E-A0","7E-A05E",,
"RECEIVER","VOLUME","MUTE_ON","ZONE3","7E-26","7E-26D8","2067 3067",
"RECEIVER","OUTPUT","HDMI_OUT1","-","7E-205F","7E-205E","667 767 867 1067 2067 3067",
"RECEIVER","OUTPUT","HDMI_OUT1AND2","-","7E-AAD5","7E-AAD4","767 867 1067 2067 3067",
"RECEIVER","OUTPUT","HDMI_OUT2","-","7E-215E","7E-215F","767 867 1067 2067 3067",
"RECEIVER","OUTPUT","HDMI_OUT_OFF","-","7E-82FD","7E-82FC","667 767 867 1067 2067 3067",
"RECEIVER","MENU","ADAPTIVE_DRC_OFF","-","7E-750A","7E-750B",,
"RECEIVER","MENU","ADAPTIVE_DRC_ON","-","7E-740B","7E-740A",,
"RECEIVER","MENU","ADAPTIVE_DSP_OFF","-","7E-7708","7E-7709",,
"RECEIVER","MENU","ADAPTIVE_DSP_ON","-","7E-7609","7E-7608",,
"RECEIVER","MENU","DUAL_MONO_ALL","-","7E-95","7E-956B",,
"RECEIVER","MENU","DUAL_MONO_MAIN","-","7E-93","7E-936D",,
"RECEIVER","MENU","DUAL_MONO_SUB","-","7E-94","7E-946A",,
"RECEIVER","MENU","EXTED_SUR_AUTO","-","7E-7C","7E-7C82",,
"RECEIVER","MENU","EXTED_SUR_ON","-","7E-B8","7E-B846",,
"RECEIVER","MENU","EXTED_SUR_OFF","-","7E-B9","7E-B947",,
"RECEIVER","MENU","EXTED_SUR_PLIIX_MOVIE","-","7E-DD","7E-DD23",,
"RECEIVER","MENU","EXTED_SUR_PLIIX_MUSIC","-","7E-DE","7E-DE20",,
"RECEIVER","MENU","HDMI_AUTO_LIPSYNC_OFF","-","7E-84FB","7E-84FA",,
"RECEIVER","MENU","HDMI_AUTO_LIPSYNC_ON","-","7E-83FC","7E-83FD",,
"RECEIVER","MENU","NEO6_MOVIE","-","7E-69","7E-6997",,
"RECEIVER","MENU","NEO6_MUSIC","-","7E-6A","7E-6A94",,
"RECEIVER","MENU","PLIIX_GAME","-","7E-C7","7E-C739",,
"RECEIVER","MENU","PLIIX_MOVIE","-","7E-67","7E-6799",,
"RECEIVER","MENU","PLIIX_MUSIC","-","7E-68","7E-6896",,
"RECEIVER","MENU","PRO_LOGIC","-","7E-C9","7E-C937",,
"RECEIVER","MENU","TRIGGER1_MANUAL_OFF","-","7E-403F","7E-403E",,
"RECEIVER","MENU","TRIGGER1_MANUAL_ON","-","7E-3F40","7E-3F41",,
"RECEIVER","MENU","TRIGGER2_MANUAL_OFF","-","7E-423D","7E-423C","1067 2067 3067",
"RECEIVER","MENU","TRIGGER2_MANUAL_ON","-","7E-413E","7E-413F","1067 2067 3067",
"RECEIVER","POWER","POWER_ON","ALL","7A-1D","7A-1DE3",,"Power on for all zones"
"RECEIVER","POWER","POWER_ON","MAIN","7E-7E","7E-7E80",,
"RECEIVER","POWER","POWER_ON","ZONE2","7E-BA","7E-BA44",,
"RECEIVER","POWER","POWER_ON","ZONE3","7A-ED","7A-ED13","2067 3067",
"RECEIVER","POWER","POWER_ON","ZONE4","7A-7B","7A-7B85","3067",
"RECEIVER","POWER","SLEEP","ALL","7A-57","7A-57A9",,
"RECEIVER","POWER","SLEEP_30","ALL","7E-B7","7E-B749",,
"RECEIVER","POWER","SLEEP_60","ALL","7E-B6","7E-B648",,
"RECEIVER","POWER","SLEEP_90","ALL","7E-B5","7E-B54B",,
"RECEIVER","POWER","SLEEP_120","ALL","7E-B4","7E-B44A",,
"RECEIVER","POWER","SLEEP_OFF","ALL","7E-B3","7E-B34D",,
"RECEIVER","POWER","SLEEP_OFF","MAIN","7E-1B64","7E-1B65",,
"RECEIVER","POWER","SLEEP_OFF","ZONE2","7E-1C63","7E-1C62",,
"RECEIVER","POWER","SLEEP_OFF","ZONE3","7E-1D62","7E-1D63","2067 3067",
"RECEIVER","POWER","SLEEP_OFF","ZONE4","7E-1E61","7E-1E60","3067",
"RECEIVER","POWER","SLEEP_ON","ALL","7E-1A65","7E-1A64",,
"RECEIVER","POWER","SLEEP_ON","MAIN","7E-1669","7E-1668",,
"RECEIVER","POWER","SLEEP_ON","ZONE2","7E-1768","7E-1769",,
"RECEIVER","POWER","SLEEP_ON","ZONE3","7E-1867","7E-1866","2067 3067",
"RECEIVER","POWER","SLEEP_ON","ZONE4","7E-1966","7E-1967","3067",
"RECEIVER","POWER","STANDBY","ALL","7A-1E","7A-1EE0",,"Standby for all zones"
"RECEIVER","POWER","STANDBY","MAIN","7E-7F","7E-7F81",,
"RECEIVER","POWER","STANDBY","ZONE2","7E-BB","7E-BB45",,
"RECEIVER","POWER","STANDBY","ZONE3","7A-EE","7A-EE10","2067 3067",
"RECEIVER","POWER","STANDBY","ZONE4","7A-7C","7A-7C82","3067",
"RECEIVER","INPUT","AUDIO_SEL_ANALOG","-","7E-AA","7E-AA54","1067 2067 3067",
"RECEIVER","INPUT","AUDIO_SEL_AUTO","-","7E-A6","7E-A658","1067 2067 3067",
"RECEIVER","INPUT","AUDIO_SEL_COAX_OPT","-","7E-A9","7E-A957","1067 2067 3067",
"RECEIVER","INPUT","AUDIO_SEL_HDMI","-","7E-DA","7E-DA24","1067 2067 3067",
"RECEIVER","DISPLAY","ASPECT_SMART_ZOOM","-","7E-225D","7E-225C","2067 3067",
"RECEIVER","DISPLAY","ASPECT_THROUGH","-","7E-235C","7E-235D","2067 3067",
"DOCK","MENU","CONNECT","-","7F01-502F","7F01-502E",,
"DOCK","MENU","DISCONNECT","-","7F01-512E","7F01-512F",,
"DOCK","MENU","MENU_BROWSE","-","7F01-413E","7F01-413F",,
"DOCK","MENU","PAIRING","-","7F01-4E31","7F01-4E30",,
"DOCK","MENU","PARING_CANCEL","-","7F01-4F30","7F01-4F31",,
"DOCK","MENU","SIMPLE_REMOTE","-","7F01-403F","7F01-403E",,
"NET","MENU","BOOKMARK_OFF","-","7F01-4738","7F01-4739","867 1067 2067 3067",
"NET","MENU","BOOKMARK_ON","-","7F01-4639","7F01-4638","867 1067 2067 3067",
"NET","INPUT","NET_RADIO","MAIN","7F01-6F10","7F01-6F11","867 1067 2067 3067",
"NET","INPUT","NET_RADIO","ZONE2","7F01-700F","7F01-700E","867 1067 2067 3067",
"NET","INPUT","NET_RADIO","ZONE3","7F01-710E","7F01-710F","2067 3067",
"NET","INPUT","PC_MCX","MAIN","7F01-6C13","7F01-6C12","867 1067 2067 3067",
"NET","INPUT","PC_MCX","ZONE2","7F01-6D12","7F01-6D13","867 1067 2067 3067",
"NET","INPUT","PC_MCX","ZONE3","7F01-6E11","7F01-6E10","2067 3067",
"NET","INPUT","RHAPSODY","MAIN","7F01-7F0A","7F01-750B","867 1067 2067 3067",
"NET","INPUT","RHAPSODY","ZONE2","7F01-7609","7F01-7608","867 1067 2067 3067",
"NET","INPUT","RHAPSODY","ZONE3","7F01-7708","7F01-7709","2067 3067",
"NET","INPUT","SIRIUS_INTERNET_RADIO","MAIN","7F01-81FE","7F01-81FF","867 1067 2067 3067",
"NET","INPUT","SIRIUS_INTERNET_RADIO","ZONE2","7F01-82FD","7F01-82FC","867 1067 2067 3067",
"NET","INPUT","SIRIUS_INTERNET_RADIO","ZONE3","7F01-83FC","7F01-83FD","2067 3067",
"SIRIUS","MENU","ALL_CH_SEARCH","-","7F01-0F70","7F01-0F71",,
"SIRIUS","MENU","CATEGORY_SEARCH","-","7F01-106F","7F01-106E",,
"SIRIUS","MENU","SEARCH_MODE","-","7F01-DE","7F01-DE20",,
"SIRIUS","MENU","PRESET_SEARCH","-","7F01-116E","7F01-116F",,
"SIRIUS","OPERATION","CH_PRESET_NO_DOWN","-","7F01-E5","7F01-E51B",,
"SIRIUS","OPERATION","CATEGORY_PRESET_GROUP_DOWN","-","7F01-E2","7F01-E21C",,
"SIRIUS","OPERATION","CATEGORY_PRESET_GROUP_UP","-","7F01-E4","7F01-E41A",,
"SIRIUS","OPERATION","CH_PRESET_NO_UP","-","7F01-E1","7F01-E11F",,
"TUNER","MENU","SEARCH_MODE","-","7A-AB","7A-AB55",,
"TUNER","MENU","SEARCH_MODE_MANUAL","-","7F01-FE","7F01-FE00",,
"TUNER","MENU","SEARCH_MODE_PRESET","-","7F01-FD","7F01-FD03",,
"TUNER","OPERATION","AUTO_TUNING-","-","7E-BF","7E-BF41",,
"TUNER","OPERATION","AUTO_TUNING+","-","7E-BE","7E-BE40",,
"TUNER","OPERATION","TUNING_PRESET_NO_DOWN","-","7A-11","7A-11EF",,
"TUNER","OPERATION","TUNING_PRESET_NO_UP","-","7A-10","7A-10EE",,
"TUNER","BAND","AM","-","7E-BD","7E-BD43",,
"TUNER","BAND","FM","-","7E-BC","7E-BC42",,
,,,,,,,
,,,,,,,
"RECEIVER","ZONE_CONTROL","PARTY","-","7A-34","7A-34CA","767 867 1067 2067 3067",
"RECEIVER","MEMORY","SCENE1","MAIN","7A-007F","7A-007E","667 767 867 1067 2067 3067","Will turn on receiver in standby"
"RECEIVER","MEMORY","SCENE1","ZONE2","7A-017E","7A-017F","1067 2067 3067",
"RECEIVER","MEMORY","SCENE1","ZONE3","7A-027D","7A-027C","2067 3067",
"RECEIVER","MEMORY","SCENE1","ZONE4","7A-1867","7A-1866","3067",
"RECEIVER","MEMORY","SCENE2","MAIN","7A-037C","7A-037D","667 767 867 1067 2067 3067","Will turn on receiver in standby"
"RECEIVER","MEMORY","SCENE2","ZONE2","7A-047B","7A-047A","1067 2067 3067",
"RECEIVER","MEMORY","SCENE2","ZONE3","7A-057A","7A-057B","2067 3067",
"RECEIVER","MEMORY","SCENE2","ZONE4","7A-1966","7A-1967","3067",
"RECEIVER","MEMORY","SCENE3","MAIN","7A-0679","7A-0678","667 767 867 1067 2067 3067","Will turn on receiver in standby"
"RECEIVER","MEMORY","SCENE3","ZONE2","7A-0778","7A-0779","1067 2067 3067",
"RECEIVER","MEMORY","SCENE3","ZONE3","7A-0877","7A-0876","2067 3067",
"RECEIVER","MEMORY","SCENE3","ZONE4","7A-1A65","7A-1A64","3067",
"RECEIVER","MEMORY","SCENE4","MAIN","7A-0976","7A-0977","667 767 867 1067 2067 3067","Will turn on receiver in standby"
"RECEIVER","MEMORY","SCENE4","ZONE2","7A-0A75","7A-0A74","1067 2067 3067",
"RECEIVER","MEMORY","SCENE4","ZONE3","7A-0B74","7A-0B75","2067 3067",
"RECEIVER","MEMORY","SCENE4","ZONE4","7A-1B64","7A-1B65","3067",
"RECEIVER","MEMORY","MEMORY","MAIN","7F01-6718","7F01-6719",,
"RECEIVER","PROGRAM","ENHANCER","-","7A-94","7A-946A",,
"RECEIVER","PROGRAM","PROGRAM-","-","7A-59","7A-59A7","2067 3067",
"RECEIVER","PROGRAM","MOVIE","-","7A-88","7A-8876","667 767 867 1067",
"RECEIVER","PROGRAM","MUSIC","-","7A-89","7A-8977","667 767 867 1067",
"RECEIVER","PROGRAM","CLASSICAL","-","7A-8A","7A-8A74","2067 3067",
"RECEIVER","PROGRAM","LIVE_CLUB","-","7A-8B","7A-8B75","2067 3067",
"RECEIVER","PROGRAM","ENTERTAIN","-","7A-8C","7A-8C72","2067 3067",
"RECEIVER","PROGRAM","MOVIE2","-","7A-8E","7A-8E70","2067 3067",
"RECEIVER","PROGRAM","STEREO","-","7A-8F","7A-8F71","2067 3067",
"RECEIVER","PROGRAM","PROGRAM+","-","7A-58","7A-58A6","2067 3067",
"RECEIVER","PROGRAM","PURE_DIRECT","-","7A-DD","7A-DD23",,
"RECEIVER","PROGRAM","STRAIGHT","-","7A-56","7A-56A8",,
"RECEIVER","PROGRAM","SURROUND_DECODE","-","7A-8D","7A-8D73",,
"RECEIVER","VOLUME","MUTE","MAIN","7A-1C","7A-1CE2",,
"RECEIVER","VOLUME","MUTE","ZONE2","7A-DC","7A-DC22",,
"RECEIVER","VOLUME","MUTE","ZONE3","7A-FF","7A-FF01","2067 3067",
"RECEIVER","VOLUME","VOLUME-","MAIN","7A-1B","7A-1BE5",,
"RECEIVER","VOLUME","VOLUME-","ZONE2","7A-DB","7A-DB25",,
"RECEIVER","VOLUME","VOLUME-","ZONE3","7A-FE","7A-FE00","2067 3067",
"RECEIVER","VOLUME","VOLUME+","MAIN","7A-1A","7A-1AE4",,
"RECEIVER","VOLUME","VOLUME+","ZONE2","7A-DA","7A-DA24",,
"RECEIVER","VOLUME","VOLUME+","ZONE3","7A-FD","7A-FD03","2067 3067",
"RECEIVER","OUTPUT","HDMI_OUT","-","7A-35","7A-35CB","667 767 867 1067 2067 3067",
"RECEIVER","MENU","DOWN","MAIN","7A-9C","7A-9C62",,
"RECEIVER","MENU","DOWN","ZONE2","7A-2C53","7A-2C52","2067 3067",
"RECEIVER","MENU","DOWN","ZONE3","7A-314E","7A-314F","2067 3067",
"RECEIVER","MENU","DOWN","ZONE4","7A-3649","7A-3648","3067",
"RECEIVER","MENU","ENTER","MAIN","7A-DE","7A-DE20",,
"RECEIVER","MENU","ENTER","ZONE2","7A-2F50","7A-2F51","2067 3067",
"RECEIVER","MENU","ENTER","ZONE3","7A-344B","7A-344A","2067 3067",
"RECEIVER","MENU","ENTER","ZONE4","7A-3946","7A-3947","3067",
"RECEIVER","MENU","LEFT","MAIN","7A-9F","7A-9F61",,
"RECEIVER","MENU","LEFT","ZONE2","7A-2D52","7A-2D53","2067 3067",
"RECEIVER","MENU","LEFT","ZONE3","7A-324D","7A-324C","2067 3067",
"RECEIVER","MENU","LEFT","ZONE4","7A-3748","7A-3749","3067",
"RECEIVER","MENU","LEVEL","-","7A-86","7A-8678",,
"RECEIVER","MENU","ON_SCREEN","MAIN","7A-84","7A-847A",,
"RECEIVER","MENU","RETURN","MAIN","7A-AA","7A-AA54",,
"RECEIVER","MENU","RETURN","ZONE2","7A-3C43","7A-3C42","2067 3067",
"RECEIVER","MENU","RETURN","ZONE3","7A-3F40","7A-3F41","2067 3067",
"RECEIVER","MENU","RETURN","ZONE4","7A-423D","7A-423C","3067",
"RECEIVER","MENU","RIGHT","MAIN","7A-9E","7A-9E60",,
"RECEIVER","MENU","RIGHT","ZONE2","7A-2E51","7A-2E50","2067 3067",
"RECEIVER","MENU","RIGHT","ZONE3","7A-334C","7A-334D","2067 3067",
"RECEIVER","MENU","RIGHT","ZONE4","7A-3847","7A-3846","3067",
"RECEIVER","MENU","OPTION","MAIN","7A-6B14","7A-6B15",,
"RECEIVER","MENU","OPTION","ZONE2","7A-6C13","7A-6C12","2067 3067",
"RECEIVER","MENU","OPTION","ZONE3","7A-6D12","7A-6D13","2067 3067",
"RECEIVER","MENU","OPTION","ZONE4","7A-6E11","7A-6E10","3067",
"RECEIVER","MENU","UP","MAIN","7A-9D","7A-9D63",,
"RECEIVER","MENU","UP","ZONE2","7A-2B54","7A-2B55","2067 3067",
"RECEIVER","MENU","UP","ZONE3","7A-304F","7A-304E","2067 3067",
"RECEIVER","MENU","UP","ZONE4","7A-354A","7A-354B","3067",
"RECEIVER","POWER","POWER_ON_STANDBY","MAIN","7E-2A","7E-2AD4",,
"RECEIVER","POWER","POWER_ON_STANDBY","ZONE2","7A-453A","7A-453B",,
"RECEIVER","POWER","POWER_ON_STANDBY","ZONE3","7A-4639","7A-4638","2067 3067",
"RECEIVER","POWER","POWER_ON_STANDBY","ZONE4","7A-6F10","7A-6F11","3067",
"RECEIVER","POWER","SLEEP","MAIN","7A-30","7A-30CE",,
"RECEIVER","POWER","SLEEP","ZONE2","7A-31","7A-31CF",,
"RECEIVER","POWER","SLEEP","ZONE3","7A-32","7A-32CC","2067 3067",
"RECEIVER","POWER","SLEEP","ZONE4","7A-33","7A-33CD","3067",
"RECEIVER","INPUT","AUDIO1","MAIN","7A-651A","7A-651B",,
"RECEIVER","INPUT","AUDIO1","ZONE2","7A-6619","7A-6618",,
"RECEIVER","INPUT","AUDIO1","ZONE3","7A-6718","7A-6719","2067 3067",
"RECEIVER","INPUT","AUDIO1","ZONE4","7A-8CF3","7A-8CF2","3067",
"RECEIVER","INPUT","AUDIO2","MAIN","7A-6817","7A-6816",,
"RECEIVER","INPUT","AUDIO2","ZONE2","7A-6916","7A-6917",,
"RECEIVER","INPUT","AUDIO2","ZONE3","7A-6A15","7A-6A14","2067 3067",
"RECEIVER","INPUT","AUDIO2","ZONE4","7A-8DF2","7A-8DF3","3067",
"RECEIVER","INPUT","AUDIO3","MAIN","7A-7C03","7A-7C02","1067 2067 3067",
"RECEIVER","INPUT","AUDIO3","ZONE2","7A-7D02","7A-7D03","1067 2067 3067",
"RECEIVER","INPUT","AUDIO3","ZONE3","7A-7E01","7A-7E00","2067 3067",
"RECEIVER","INPUT","AUDIO4","MAIN","7A-7F00","7A-7F01","1067 2067 3067",
"RECEIVER","INPUT","AUDIO4","ZONE2","7A-80FF","7A-80FE","1067 2067 3067",
"RECEIVER","INPUT","AUDIO4","ZONE3","7A-81FE","7A-81FF","2067 3067",
"RECEIVER","INPUT","AV1","MAIN","7A-532C","7A-532D",,
"RECEIVER","INPUT","AV1","ZONE2","7A-542B","7A-542A","1067 2067 3067",
"RECEIVER","INPUT","AV1","ZONE3","7A-552A","7A-552B","2067 3067",
"RECEIVER","INPUT","AV1","ZONE4","7A-84FB","7A-84FA","3067",
"RECEIVER","INPUT","AV2","MAIN","7A-5629","7A-5628",,
"RECEIVER","INPUT","AV2","ZONE2","7A-5728","7A-5729","1067 2067 3067",
"RECEIVER","INPUT","AV2","ZONE3","7A-5827","7A-5826","2067 3067",
"RECEIVER","INPUT","AV2","ZONE4","7A-85FA","7A-85FB","3067",
"RECEIVER","INPUT","AV3","MAIN","7A-5926","7A-5927",,
"RECEIVER","INPUT","AV3","ZONE2","7A-5A25","7A-5A24","1067 2067 3067",
"RECEIVER","INPUT","AV3","ZONE3","7A-5B24","7A-5B25","2067 3067",
"RECEIVER","INPUT","AV3","ZONE4","7A-86F9","7A-86F8","3067",
"RECEIVER","INPUT","AV4","MAIN","7A-5C23","7A-5C22",,
"RECEIVER","INPUT","AV4","ZONE2","7A-5D22","7A-5D23","1067 2067 3067",
"RECEIVER","INPUT","AV4","ZONE3","7A-5E21","7A-5E20","2067 3067",
"RECEIVER","INPUT","AV4","ZONE4","7A-87F8","7A-87F9","3067",
"RECEIVER","INPUT","AV5","MAIN","7A-5F20","7A-5F21",,
"RECEIVER","INPUT","AV5","ZONE2","7A-601F","7A-601E","667 767 867",
"RECEIVER","INPUT","AV6","MAIN","7A-621D","7A-621C",,
"RECEIVER","INPUT","AV6","ZONE2","7A-631C","7A-631D","667 767 867",
"RECEIVER","INPUT","AV7","MAIN","7A-7609","7A-7608","1067 2067 3067",
"RECEIVER","INPUT","VAUX","MAIN","7A-7906","7A-7907","1067 2067 3067",
"RECEIVER","INPUT","VAUX","ZONE2","7A-7A05","7A-7A04","1067 2067 3067",
"RECEIVER","INPUT","VAUX","ZONE3","7A-7B04","7A-7B05","2067 3067",
"RECEIVER","INPUT","VAUX","ZONE4","7A-8BF4","7A-8BF5","3067",
"RECEIVER","INPUT","DOCK","MAIN","7F01-4A","7F01-4AB4",,
"RECEIVER","INPUT","DOCK","ZONE2","7F01-4B","7F01-4BB5",,
"RECEIVER","INPUT","DOCK","ZONE3","7F01-4C","7F01-4CB2","2067 3067",
"RECEIVER","INPUT","HDMI1","MAIN","7A-4738","7A-4739","667 767 867",
"RECEIVER","INPUT","HDMI2","MAIN","7A-4A35","7A-4A34","667 767 867",
"RECEIVER","INPUT","HDMI3","MAIN","7A-4D32","7A-4D33","667 767 867",
"RECEIVER","INPUT","HDMI4","MAIN","7A-502F","7A-502E","667 767 867",
"RECEIVER","INPUT","HDMI5","MAIN","7A-700F","7A-700E","667 767 867",
"RECEIVER","INPUT","VAUX","MAIN","7A-730C","7A-730D","667 767 867",
"RECEIVER","INPUT","VAUX","ZONE2","7A-740B","7A-740A","667 767 867",
"RECEIVER","INPUT","INPUT-","MAIN","7A-235C","7A-235D",,
"RECEIVER","INPUT","INPUT-","ZONE2","7A-245B","7A-245A",,
"RECEIVER","INPUT","INPUT-","ZONE3","7A-255A","7A-255B","2067 3067",
"RECEIVER","INPUT","INPUT-","ZONE4","7A-2659","7A-2658","3067",
"RECEIVER","INPUT","INPUT+","MAIN","7A-1F60","7A-1F61",,
"RECEIVER","INPUT","INPUT+","ZONE2","7A-205F","7A-205E",,
"RECEIVER","INPUT","INPUT+","ZONE3","7A-215E","7A-215F","2067 3067",
"RECEIVER","INPUT","INPUT+","ZONE4","7A-225D","7A-225C","3067",
"RECEIVER","INPUT","MULTI_CH_IN","MAIN","7A-87","7A-8779",,
"RECEIVER","INPUT","NET","MAIN","7F01-3F","7F01-3FC1","867 1067 2067 3067",
"RECEIVER","INPUT","NET","ZONE2","7F01-40","7F01-40BE","867 1067 2067 3067",
"RECEIVER","INPUT","NET","ZONE3","7F01-41","7F01-41BF","2067 3067",
"RECEIVER","INPUT","PHONO","MAIN","7A-14","7A-14EA","667 767 1067 2067 3067",
"RECEIVER","INPUT","PHONO","ZONE2","7A-D0","7A-D02E","667 767 1067 2067 3067",
"RECEIVER","INPUT","PHONO","ZONE3","7A-F1","7A-F10F","2067 3067",
"RECEIVER","INPUT","SIRIUS","MAIN","7A-39","7A-39C7","U",
"RECEIVER","INPUT","SIRIUS","ZONE2","7A-3A","7A-3AC4","U",
"RECEIVER","INPUT","SIRIUS","ZONE3","7A-3B","7A-3BC5","2067U 3067U",
"RECEIVER","INPUT","TUNER","MAIN","7A-16","7A-16E8",,
"RECEIVER","INPUT","TUNER","ZONE2","7A-D2","7A-D22C",,
"RECEIVER","INPUT","TUNER","ZONE3","7A-F3","7A-F30D","2067 3067",
"RECEIVER","INPUT","USB","MAIN","7F01-720D","7F01-720C","1067 2067 3067",
"RECEIVER","INPUT","USB","ZONE2","7F01-730C","7F01-730D","1067 2067 3067",
"RECEIVER","INPUT","USB","ZONE3","7F01-740B","7F01-740A","2067 3067",
"RECEIVER","DISPLAY","INFO","MAIN","7A-2758","7A-2759",,
"RECEIVER","DISPLAY","DISPLAY","MAIN","7F01-60","7F01-609E",,
"RECEIVER","DISPLAY","DISPLAY","ZONE2","7F01-80","7F01-807E","2067 3067",
"RECEIVER","DISPLAY","DISPLAY","ZONE3","7F01-A0","7F01-A05E","2067 3067",
"RECEIVER","DISPLAY","DISPLAY","ZONE4","7F01-C0","7F01-C03E","3067",
"RECEIVER","NUMBER","0","MAIN","7F01-5A","7F01-5AA4",,
"RECEIVER","NUMBER","0","ZONE2","7F01-7A","7F01-7A84",,
"RECEIVER","NUMBER","0","ZONE3","7F01-9A","7F01-9A64","2067 3067",
"RECEIVER","NUMBER","1","MAIN","7F01-51","7F01-51AF",,
"RECEIVER","NUMBER","1","ZONE2","7F01-71","7F01-718F",,
"RECEIVER","NUMBER","1","ZONE3","7F01-91","7F01-916F","2067 3067",
"RECEIVER","NUMBER","2","MAIN","7F01-52","7F01-52AC",,
"RECEIVER","NUMBER","2","ZONE2","7F01-72","7F01-728C",,
"RECEIVER","NUMBER","2","ZONE3","7F01-92","7F01-926C","2067 3067",
"RECEIVER","NUMBER","3","MAIN","7F01-53","7F01-53AD",,
"RECEIVER","NUMBER","3","ZONE2","7F01-73","7F01-73D8",,
"RECEIVER","NUMBER","3","ZONE3","7F01-93","7F01-936D","2067 3067",
"RECEIVER","NUMBER","4","MAIN","7F01-54","7F01-54AA",,
"RECEIVER","NUMBER","4","ZONE2","7F01-74","7F01-748A",,
"RECEIVER","NUMBER","4","ZONE3","7F01-94","7F01-946A","2067 3067",
"RECEIVER","NUMBER","5","MAIN","7F01-55","7F01-55AB",,
"RECEIVER","NUMBER","5","ZONE2","7F01-75","7F01-758B",,
"RECEIVER","NUMBER","5","ZONE3","7F01-95","7F01-956B","2067 3067",
"RECEIVER","NUMBER","6","MAIN","7F01-56","7F01-56A8",,
"RECEIVER","NUMBER","6","ZONE2","7F01-76","7F01-7688",,
"RECEIVER","NUMBER","6","ZONE3","7F01-96","7F01-9668","2067 3067",
"RECEIVER","NUMBER","7","MAIN","7F01-57","7F01-57A9",,
"RECEIVER","NUMBER","7","ZONE2","7F01-77","7F01-7789",,
"RECEIVER","NUMBER","7","ZONE3","7F01-97","7F01-9769","2067 3067",
"RECEIVER","NUMBER","8","MAIN","7F01-58","7F01-58A6",,
"RECEIVER","NUMBER","8","ZONE2","7F01-78","7F01-7886",,
"RECEIVER","NUMBER","8","ZONE3","7F01-98","7F01-9866","2067 3067",
"RECEIVER","NUMBER","9","MAIN","7F01-59","7F01-59A7",,
"RECEIVER","NUMBER","9","ZONE2","7F01-79","7F01-7987",,
"RECEIVER","NUMBER","9","ZONE3","7F01-99","7F01-9967","2067 3067",
"RECEIVER","NUMBER","ENT","MAIN","7F01-5C","7F01-5CA2",,
"RECEIVER","NUMBER","ENT","ZONE2","7F01-7C","7F01-7C82",,
"RECEIVER","NUMBER","ENT","ZONE3","7F01-9C","7F01-9C62","2067 3067",
"RECEIVER","OPERATION","FM","MAIN","7F01-5827","7F01-5826",,
"RECEIVER","OPERATION","FM","ZONE2","7F01-5926","7F01-5927",,
"RECEIVER","OPERATION","FM","ZONE3","7F01-5A25","7F01-5A24","2067 3067",
"RECEIVER","OPERATION","AM","MAIN","7F01-552A","7F01-552B",,
"RECEIVER","OPERATION","AM","ZONE2","7F01-5629","7F01-5628",,
"RECEIVER","OPERATION","AM","ZONE3","7F01-5728","7F01-5729","2067 3067",
"RECEIVER","OPERATION","PAUSE","MAIN","7F01-67","7F01-6799",,
"RECEIVER","OPERATION","PAUSE","ZONE2","7F01-87","7F01-8779",,
"RECEIVER","OPERATION","PAUSE","ZONE3","7F01-A7","7F01-A759","2067 3067",
"RECEIVER","OPERATION","PLAY","MAIN","7F01-68","7F01-6896",,
"RECEIVER","OPERATION","PLAY","ZONE2","7F01-88","7F01-8876",,
"RECEIVER","OPERATION","PLAY","ZONE3","7F01-A8","7F01-A856","2067 3067",
"RECEIVER","OPERATION","REC","MAIN","7F01-66","7F01-6698",,
"RECEIVER","OPERATION","REC","ZONE2","7F01-86","7F01-8678",,
"RECEIVER","OPERATION","REC","ZONE3","7F01-A6","7F01-A658","2067 3067",
"RECEIVER","OPERATION","STOP","MAIN","7F01-69","7F01-6997",,
"RECEIVER","OPERATION","STOP","ZONE2","7F01-89","7F01-8977",,
"RECEIVER","OPERATION","STOP","ZONE3","7F01-A9","7F01-A957","2067 3067",
"RECEIVER","OPERATION","REW","MAIN","7F01-6A","7F01-6A94",,
"RECEIVER","OPERATION","REW","ZONE2","7F01-8A","7F01-8A74",,
"RECEIVER","OPERATION","REW","ZONE3","7F01-AA","7F01-AA54","2067 3067",
"RECEIVER","OPERATION","FF","MAIN","7F01-6B","7F01-6B95",,
"RECEIVER","OPERATION","FF","ZONE2","7F01-8B","7F01-8B75",,
"RECEIVER","OPERATION","FF","ZONE3","7F01-AB","7F01-AB55","2067 3067",
"RECEIVER","OPERATION","SKIP-","MAIN","7F01-6C","7F01-6C92",,
"RECEIVER","OPERATION","SKIP-","ZONE2","7F01-8C","7F01-8C72",,
"RECEIVER","OPERATION","SKIP-","ZONE3","7F01-AC","7F01-AC52","2067 3067",
"RECEIVER","OPERATION","SKIP+","MAIN","7F01-6D","7F01-6D93",,
"RECEIVER","OPERATION","SKIP+","ZONE2","7F01-8D","7F01-8D73",,
"RECEIVER","OPERATION","SKIP+","ZONE3","7F01-AD","7F01-AD53","2067 3067",
"RECEIVER","OPERATION","PRESET-","MAIN","7F01-5E21","7F01-5E20",,
"RECEIVER","OPERATION","PRESET-","ZONE2","7F01-5F20","7F01-5F21",,
"RECEIVER","OPERATION","PRESET-","ZONE3","7F01-601F","7F01-601E","2067 3067",
"RECEIVER","OPERATION","PRESET+","MAIN","7F01-5B24","7F01-5B25",,
"RECEIVER","OPERATION","PRESET+","ZONE2","7F01-5C23","7F01-5C22",,
"RECEIVER","OPERATION","PRESET+","ZONE3","7F01-5D22","7F01-5D23","2067 3067",
"RECEIVER","OPERATION","TUNING-","MAIN","7F01-641B","7F01-641A",,
"RECEIVER","OPERATION","TUNING-","ZONE2","7F01-651A","7F01-651B",,
"RECEIVER","OPERATION","TUNING-","ZONE3","7F01-6619","7F01-6618","2067 3067",
"RECEIVER","OPERATION","TUNING+","MAIN","7F01-611E","7F01-611F",,
"RECEIVER","OPERATION","TUNING+","ZONE2","7F01-621D","7F01-621C",,
"RECEIVER","OPERATION","TUNING+","ZONE3","7F01-631C","7F01-631D","2067 3067",
,,,,,,,
"RECEIVER","TEST","SELF_TEST1","-","7A-DF",,,"#This code is disabled because it's possibly dangerous"
"RECEIVER","TEST","SELF_TEST2","-","7A-DF21",,,"#This code is disabled because it's possibly dangerous"
,,,,,,,
"RECEIVER","NUMBER","+10","MAIN","7F01-5B",,,
"RECEIVER","NUMBER","+10","ZONE2","7F01-7B",,,
